time,open,close,high,low,volume,allocation,LogReturnsBTCUSDT1m,BollingerHighBTCUSDT1m,BollingerLowBTCUSDT1m,BollingerMiddleBTCUSDT1m,CloseBTCUSDT1m,returns,pnl
2019-07-18 15:34:00,9448.63,9428.41,9450.83,9423.95,40.160761,0,-0.0002154836045741869,9504.640708378352,9354.974291621515,9493.22022222227,9428.41,0,0
